sweep_type,model,context_length,horizon,rr_context_beats,rr_horizon_beats,rmse,mae,window_rmse_mean,window_mae_mean,num_windows,num_series,rr_rmse,rr_mae,rr_window_rmse_mean,rr_window_mae_mean,rr_true_local_std_mean,rr_pred_local_std_mean,rr_local_std_ratio,rr_local_std_deficit,rr_ks_mean,rr_ks_cutoff_mean,rr_ks_pass_rate,waveform_rr_rmse,waveform_rr_mae,waveform_rr_window_rmse_mean,waveform_rr_window_mae_mean,waveform_rr_true_local_std_mean,waveform_rr_pred_local_std_mean,waveform_rr_local_std_ratio,waveform_rr_local_std_deficit,waveform_rr_ks_mean,waveform_rr_ks_cutoff_mean,waveform_rr_ks_pass_rate
waveform_context,TimesFM,8192,1024,8192,1024,0.31357039759556454,0.16809185221791267,0.29568624671729693,0.16809185272884658,576,1152,43.690650913450455,12.635288953781128,42.699146035644745,12.635289270016882,11.418031349198564,0.16512833669576696,0.028986996007403995,11.252903012502799,0.3730714292494375,0.042499999999999996,0.0,32.28807828161452,13.455339789390564,23.77010197672332,17.83064227188646,1.1542126545516993,0.989161467478807,1.1804107687016514,0.16505118707289224,0.5397095707813389,0.519857378692857,0.4093182652770077
waveform_context,Chronos-2,8192,1024,8192,1024,0.2991517144772742,0.15467287144727176,0.2833118753494798,0.15467287483625114,576,1152,75.46319325764973,39.91432645585802,74.26855726374521,39.9143272522423,11.418031349198564,1.4646651499839414,0.27125509936640385,9.953366199214623,0.469025364049887,0.042499999999999996,0.0,52.099147160847984,20.91286892361111,34.560961643772416,25.510860040837386,NA,NA,NA,NA,0.44075522168850023,0.6338331608531159,0.7347126024043583
waveform_context,Moirai 2.0,8192,1024,8192,1024,0.3053380043970214,0.16539523584975135,0.2889446128327917,0.16539523765742262,576,1152,96.79838667975531,67.13526047600641,92.47854124340746,67.13526173225708,11.418031349198564,0.4106415447637019,0.08024363367959156,11.007389804434863,0.7351097771728226,0.042499999999999996,0.0,37.64868672688802,15.295730458365547,24.67990862624366,18.490341577392638,NA,NA,NA,NA,0.4940724079386698,0.7941548813349286,0.6740559855102226
